{
  "version": 1,
  "author": "sutaburosu",
  "editor": "wokwi",
  "parts": [
    {
      "type": "wokwi-breadboard-half",
      "id": "bb1",
      "top": -195.9,
      "left": -159.9,
      "rotate": 90,
      "attrs": {}
    },
    { "type": "wokwi-breadboard-half", "id": "bb2", "top": -252.6, "left": 137.2, "attrs": {} },
    { "type": "wokwi-arduino-mega", "id": "mega", "top": 67.8, "left": 198, "attrs": {} },
    {
      "type": "wokwi-led",
      "id": "led1",
      "top": -157.2,
      "left": 378.2,
      "attrs": { "color": "yellow" }
    },
    { "type": "wokwi-led", "id": "led2", "top": -243.6, "left": 407, "attrs": { "color": "red" } },
    {
      "type": "wokwi-led",
      "id": "led3",
      "top": -243.6,
      "left": 378.2,
      "attrs": { "color": "yellow" }
    },
    {
      "type": "wokwi-led",
      "id": "led4",
      "top": -243.6,
      "left": 349.4,
      "attrs": { "color": "green" }
    },
    {
      "type": "wokwi-led",
      "id": "led5",
      "top": -157.2,
      "left": 349.4,
      "attrs": { "color": "green" }
    },
    { "type": "wokwi-led", "id": "led6", "top": -157.2, "left": 407, "attrs": { "color": "red" } },
    {
      "type": "wokwi-led",
      "id": "led7",
      "top": -157.2,
      "left": 195.8,
      "attrs": { "color": "yellow" }
    },
    {
      "type": "wokwi-led",
      "id": "led8",
      "top": -157.2,
      "left": 167,
      "attrs": { "color": "green" }
    },
    {
      "type": "wokwi-led",
      "id": "led9",
      "top": -243.6,
      "left": 224.6,
      "attrs": { "color": "red" }
    },
    {
      "type": "wokwi-led",
      "id": "led10",
      "top": -243.6,
      "left": 195.8,
      "attrs": { "color": "yellow" }
    },
    {
      "type": "wokwi-led",
      "id": "led11",
      "top": -243.6,
      "left": 167,
      "attrs": { "color": "green" }
    },
    {
      "type": "wokwi-led",
      "id": "led12",
      "top": -157.2,
      "left": 224.6,
      "attrs": { "color": "red" }
    },
    {
      "type": "wokwi-resistor",
      "id": "r1",
      "top": -62.4,
      "left": 28.25,
      "rotate": 90,
      "attrs": { "value": "220" }
    },
    {
      "type": "wokwi-resistor",
      "id": "r2",
      "top": -52.8,
      "left": -38.95,
      "rotate": 90,
      "attrs": { "value": "1000" }
    },
    {
      "type": "wokwi-resistor",
      "id": "r3",
      "top": -72,
      "left": 9.05,
      "rotate": 90,
      "attrs": { "value": "1000" }
    },
    {
      "type": "wokwi-resistor",
      "id": "r4",
      "top": -81.6,
      "left": -10.15,
      "rotate": 90,
      "attrs": { "value": "1000" }
    },
    {
      "type": "wokwi-resistor",
      "id": "r5",
      "top": -62.4,
      "left": -58.15,
      "rotate": 90,
      "attrs": { "value": "1000" }
    },
    {
      "type": "wokwi-resistor",
      "id": "r6",
      "top": -72,
      "left": -77.35,
      "rotate": 90,
      "attrs": { "value": "1000" }
    },
    {
      "type": "wokwi-resistor",
      "id": "r7",
      "top": -196.8,
      "left": 9.05,
      "rotate": 90,
      "attrs": { "value": "1000" }
    },
    {
      "type": "wokwi-resistor",
      "id": "r8",
      "top": -206.4,
      "left": -10.15,
      "rotate": 90,
      "attrs": { "value": "1000" }
    },
    {
      "type": "wokwi-resistor",
      "id": "r9",
      "top": -187.2,
      "left": 28.25,
      "rotate": 90,
      "attrs": { "value": "1000" }
    },
    {
      "type": "wokwi-resistor",
      "id": "r10",
      "top": -206.4,
      "left": -77.35,
      "rotate": 90,
      "attrs": { "value": "1000" }
    },
    {
      "type": "wokwi-resistor",
      "id": "r11",
      "top": -196.8,
      "left": -58.15,
      "rotate": 90,
      "attrs": { "value": "1000" }
    },
    {
      "type": "wokwi-resistor",
      "id": "r12",
      "top": -177.6,
      "left": -38.95,
      "rotate": 90,
      "attrs": { "value": "1000" }
    },
    {
      "type": "wokwi-hc-sr04",
      "id": "ultrasonic1",
      "top": 110.7,
      "left": 596.1,
      "rotate": 90,
      "attrs": { "distance": "400" }
    },
    {
      "type": "wokwi-hc-sr04",
      "id": "ultrasonic2",
      "top": -90.9,
      "left": 596.1,
      "rotate": 90,
      "attrs": { "distance": "341" }
    },
    {
      "type": "wokwi-hc-sr04",
      "id": "ultrasonic3",
      "top": 326.9,
      "left": 371.7,
      "rotate": 180,
      "attrs": { "distance": "208" }
    },
    {
      "type": "wokwi-hc-sr04",
      "id": "ultrasonic4",
      "top": 326.9,
      "left": 112.5,
      "rotate": 180,
      "attrs": { "distance": "56" }
    }
  ],
  "connections": [
    [ "bb2:6b.i", "bb2:bn.5", "green", [ "v0" ] ],
    [ "bb2:9b.i", "bb2:bn.7", "green", [ "v0" ] ],
    [ "bb2:3b.i", "bb2:bn.2", "green", [ "v48" ] ],
    [ "bb2:22b.i", "bb2:bn.18", "green", [ "v0" ] ],
    [ "bb2:25b.i", "bb2:bn.20", "green", [ "v0" ] ],
    [ "bb2:28b.i", "bb2:bn.23", "green", [ "v0" ] ],
    [ "bb1:14t.a", "led8:A", "green", [ "h134.4", "v9.6" ] ],
    [ "bb1:15t.a", "bb2:7b.i", "green", [ "h86.4", "v9.6" ] ],
    [ "bb1:16t.b", "bb2:10b.i", "green", [ "h0" ] ],
    [ "bb1:17b.g", "bb2:29b.j", "green", [ "h0" ] ],
    [ "bb1:15b.g", "led5:A", "green", [ "h28.8", "v-48" ] ],
    [ "r9:1", "bb2:10t.d", "green", [ "h86.4", "v57.6", "h0" ] ],
    [ "bb1:2t.a", "bb2:7t.c", "green", [ "h76.8", "v57.6" ] ],
    [ "bb1:1t.c", "bb2:4t.b", "green", [ "v0", "h86.4", "v57.6" ] ],
    [ "bb1:4b.g", "bb2:29t.b", "green", [ "h19.2", "v-38.4", "h451.2", "v67.2", "h-19.2" ] ],
    [ "bb1:2b.f", "bb2:26t.c", "green", [ "h0", "v-28.8", "h470.4", "v86.4" ] ],
    [ "bb1:1b.g", "bb2:23t.d", "green", [ "v-38.4", "h489.6", "v9.6" ] ],
    [ "bb1:16b.f", "bb2:26b.i", "green", [ "h0" ] ],
    [ "led2:C", "bb2:tn.25", "green", [ "v0", "h29.2" ] ],
    [ "led3:C", "bb2:tn.17", "green", [ "v9.6", "h-57.2" ] ],
    [ "led4:C", "bb2:tn.16", "green", [ "v0", "h-28.4" ] ],
    [ "led10:C", "bb2:tn.4", "green", [ "v0", "h-18.8" ] ],
    [ "led11:C", "bb2:tn.1", "green", [ "v0", "h-28.4" ] ],
    [ "led9:C", "bb2:tn.6", "green", [ "v0", "h-86" ] ],
    [ "r1:2", "mega:2", "green", [ "h0", "v8.4", "h307.2" ] ],
    [ "r3:2", "mega:3", "green", [ "h0", "v27.6", "h316.8" ] ],
    [ "r4:2", "mega:4", "green", [ "h0", "v46.8", "h326.4" ] ],
    [ "r9:2", "mega:5", "green", [ "h0", "v162", "h278.4" ] ],
    [ "r7:2", "mega:6", "green", [ "h9.6", "v181.2", "h278.4" ] ],
    [ "r8:2", "mega:7", "green", [ "h9.6", "v200.4", "h288" ] ],
    [ "mega:8", "ultrasonic2:TRIG", "green", [ "v0" ] ],
    [ "mega:9", "ultrasonic2:ECHO", "green", [ "v0" ] ],
    [ "ultrasonic2:VCC", "ultrasonic1:VCC", "red", [ "h-9.6", "v201.6" ] ],
    [ "ultrasonic2:GND", "ultrasonic1:GND", "black", [ "h-19.2", "v200.4" ] ],
    [ "mega:10", "ultrasonic1:TRIG", "green", [ "v-19.2", "h249.3", "v96" ] ],
    [ "mega:11", "ultrasonic1:ECHO", "green", [ "v-38.4", "h249.2", "v124.8" ] ],
    [ "mega:12", "ultrasonic4:TRIG", "green", [ "v-9.6", "h-144", "v211.2", "h9.6" ] ],
    [ "mega:13", "ultrasonic4:ECHO", "green", [ "v-19.2", "h-144.6", "v220.8", "h9.6", "v9.6" ] ],
    [ "mega:GND.1", "bb2:bn.14", "black", [ "v0" ] ],
    [ "bb2:bn.10", "bb2:tn.10", "black", [ "v0" ] ],
    [ "mega:A0", "ultrasonic3:TRIG", "green", [ "v54.9", "h54.3" ] ],
    [ "mega:A1", "ultrasonic3:ECHO", "green", [ "v64.5", "h35.2" ] ],
    [ "ultrasonic1:VCC", "ultrasonic3:VCC", "red", [ "h-9.6", "v163.2" ] ],
    [ "ultrasonic1:GND", "ultrasonic3:GND", "black", [ "h-19.2", "v133.2", "h-172.8", "v-9.6" ] ],
    [ "ultrasonic3:VCC", "ultrasonic4:VCC", "red", [ "v-38.4", "h-86.4" ] ],
    [ "ultrasonic3:GND", "ultrasonic4:GND", "black", [ "v0", "h-258" ] ],
    [ "r2:2", "mega:A2", "green", [ "h0", "v133.2" ] ],
    [ "r5:2", "mega:A3", "green", [ "h0", "v315.6", "h460.8" ] ],
    [ "r6:2", "mega:A4", "green", [ "h0", "v334.8", "h499.2" ] ],
    [ "r12:2", "mega:A7", "green", [ "h19.2", "v190.8", "h470.4" ] ],
    [ "r11:2", "mega:A6", "green", [ "h9.6", "v200.4", "h480" ] ],
    [ "r10:2", "mega:A5", "green", [ "h9.6", "v238.8", "h489.6" ] ],
    [ "led1:A", "bb2:26b.h", "", [ "$bb" ] ],
    [ "led1:C", "bb2:25b.h", "", [ "$bb" ] ],
    [ "led2:A", "bb2:29t.a", "", [ "$bb" ] ],
    [ "led2:C", "bb2:28t.a", "", [ "$bb" ] ],
    [ "led3:A", "bb2:26t.a", "", [ "$bb" ] ],
    [ "led3:C", "bb2:25t.a", "", [ "$bb" ] ],
    [ "led4:A", "bb2:23t.a", "", [ "$bb" ] ],
    [ "led4:C", "bb2:22t.a", "", [ "$bb" ] ],
    [ "led5:A", "bb2:23b.h", "", [ "$bb" ] ],
    [ "led5:C", "bb2:22b.h", "", [ "$bb" ] ],
    [ "led6:A", "bb2:29b.h", "", [ "$bb" ] ],
    [ "led6:C", "bb2:28b.h", "", [ "$bb" ] ],
    [ "led7:A", "bb2:7b.h", "", [ "$bb" ] ],
    [ "led7:C", "bb2:6b.h", "", [ "$bb" ] ],
    [ "led8:A", "bb2:4b.h", "", [ "$bb" ] ],
    [ "led8:C", "bb2:3b.h", "", [ "$bb" ] ],
    [ "led9:A", "bb2:10t.a", "", [ "$bb" ] ],
    [ "led9:C", "bb2:9t.a", "", [ "$bb" ] ],
    [ "led10:A", "bb2:7t.a", "", [ "$bb" ] ],
    [ "led10:C", "bb2:6t.a", "", [ "$bb" ] ],
    [ "led11:A", "bb2:4t.a", "", [ "$bb" ] ],
    [ "led11:C", "bb2:3t.a", "", [ "$bb" ] ],
    [ "led12:A", "bb2:10b.h", "", [ "$bb" ] ],
    [ "led12:C", "bb2:9b.h", "", [ "$bb" ] ],
    [ "r1:1", "bb1:16t.a", "", [ "$bb" ] ],
    [ "r1:2", "bb1:22t.a", "", [ "$bb" ] ],
    [ "r2:1", "bb1:17b.f", "", [ "$bb" ] ],
    [ "r2:2", "bb1:23b.f", "", [ "$bb" ] ],
    [ "r3:1", "bb1:15t.c", "", [ "$bb" ] ],
    [ "r3:2", "bb1:21t.c", "", [ "$bb" ] ],
    [ "r4:1", "bb1:14t.e", "", [ "$bb" ] ],
    [ "r4:2", "bb1:20t.e", "", [ "$bb" ] ],
    [ "r5:1", "bb1:16b.h", "", [ "$bb" ] ],
    [ "r5:2", "bb1:22b.h", "", [ "$bb" ] ],
    [ "r6:1", "bb1:15b.j", "", [ "$bb" ] ],
    [ "r6:2", "bb1:21b.j", "", [ "$bb" ] ],
    [ "r7:1", "bb1:2t.c", "", [ "$bb" ] ],
    [ "r7:2", "bb1:8t.c", "", [ "$bb" ] ],
    [ "r8:1", "bb1:1t.e", "", [ "$bb" ] ],
    [ "r8:2", "bb1:7t.e", "", [ "$bb" ] ],
    [ "r9:1", "bb1:3t.a", "", [ "$bb" ] ],
    [ "r9:2", "bb1:9t.a", "", [ "$bb" ] ],
    [ "r10:1", "bb1:1b.j", "", [ "$bb" ] ],
    [ "r10:2", "bb1:7b.j", "", [ "$bb" ] ],
    [ "r11:1", "bb1:2b.h", "", [ "$bb" ] ],
    [ "r11:2", "bb1:8b.h", "", [ "$bb" ] ],
    [ "r12:1", "bb1:4b.f", "", [ "$bb" ] ],
    [ "r12:2", "bb1:10b.f", "", [ "$bb" ] ]
  ],
  "dependencies": {}
}